omega,kx,ky,kz,k2,F2
0.5,1.0,0.0,0.0,0.75,4.74074074074074
0.5,1.5,0.0,0.0,2.0,3.375
1.0,0.5,0.0,0.0,-0.75,1.1851851851851847
1.0,1.5,0.0,0.0,1.25,34.56
1.5,0.5,0.0,0.0,-2.0,0.375
1.5,1.0,0.0,0.0,-1.25,15.36
2.0,0.5,0.0,0.0,-3.75,0.1896296296296296
2.0,1.0,0.0,0.0,-3.0,4.740740740740739
2.0,1.5,0.0,0.0,-1.75,70.53061224489795
